name,number
Bookshop,10270-1
Deluxe Brick Box,10914-1
Brick Box,10913-1
Brick Box,10913-1
Deluxe Brick Box,10914-1
Heart Box,10909-1
Heart Box,10909-1
Bulldozer,10930-1
Bulldozer,10930-1
Anna and Elsa's Storybook Adventures,43175-1
Rapunzel's Tower,43187-1
Large Angular Motor,45602-1
App-Controlled Top Gear Rally Car,42109-1
 Beach Buggy,30369-1
Large Hub,45601-1
Easter Bunny,30550-1
Truck & Tracked Excavator,10931-1
Poppy's Carriage,30555-1
Build Your Own Vehicles - Make it Yours,30549-1
 Fire Rescue Water Scooter,30368-1
Mini Frame,30556-1
Botanical Accessories,40376-1
People,45030-1
{Diver},30370-1
Beach House,41428-1
Sports Accessories,40375-1
Sports Accessories,40375-1
Police MF Accessory Set,40372-1
Golden Zane Accessory Set ,40374-1
Fairground Accessory Set,40373-1
Fairground Accessory Set,40373-1
Golden Zane Accessory Set ,40374-1
Beach House,41428-1
Rainbow Bracelet,41900-1
Animal Picture Holders,41904-1
Botanical Accessories,40376-1
Jewellery Box,41915-1
Race Truck,42104-1
Olivia's Play Cube - Researcher,41402-1
Dragster,42103-1
Drag Racer,40408-1
Police MF Accessory Set,40372-1
Hogwarts Students Accessory Set,40419-1
Hogwarts Students Accessory Set,40419-1
Mia's Play Cube - Veterinarian,41403-1
Mia's Play Cube - Veterinarian,41403-1
Falcon & Black Widow Team-Up,40418-1
Race Truck,42104-1
Monty Mole & Super Mushroom,40414-1
Monty Mole & Super Mushroom,40414-1
Hot Rod,40409-1
Go Team! Bracelet,41911-1
Olivia's Play Cube - Researcher,41402-1
Creative Fun 12-in-1,40411-1
Starter Kit Bundle with Gift,5006216-1
Bird in a tree,40400-1
Flowers and watering can,40399-1
Falcon & Black Widow Team-Up,40418-1
Koi Fish,40397-1
Drag Racer,40408-1
Death Star II Battle,40407-1
LEGOLAND Fire Academy,40393-1
Valentine Panda,40396-1
Mobile Crane,42108-1
Death Star II Battle,40407-1
The Joker,40428-1
LEGO Trophy,40385-1
LEGO Trophy,40385-1
Chinese Dragon,40395-1
Hot Rod,40409-1
Wedding Groom,40384-1
First Order Stormtrooper,40391-1
Wedding Bride,40383-1
Ducati Panigale V4 R,42107-1
Wedding Bride,40383-1
Stunt Show Truck & Bike,42106-1
Mobile Crane,42108-1
Stunt Show Truck & Bike,42106-1
Catamaran,42105-1
Easter Sheep,40380-1
Birthday Set,40382-1
Wedding Groom,40384-1
Batman,40386-1
Easter Sheep,40380-1
Goofy & Pluto,40378-1
Valentine's Bear,40379-1
Dragster,42103-1
Mini CLAAS XERION,42102-1
Donald Duck,40377-1
Mini CLAAS XERION,42102-1
Valentine's Bear,40379-1
Catamaran,42105-1
Buggy,42101-1
Buggy,42101-1
Power Bracelet,41919-1
Goofy & Pluto,40378-1
Magic Forest Bracelet,41917-1
Power Bracelet,41919-1
Donald Duck,40377-1
Magic Forest Bracelet,41917-1
Extra Dots - Series 2,41916-1
Creative Picture Frames,41914-1
Bracelet Mega Pack,41913-1
Bracelet Mega Pack,41913-1
Love Birds Bracelet,41912-1
Creative Picture Frames,41914-1
Go Team! Bracelet,41911-1
Birthday Set,40382-1
Extra Dots - Series 2,41916-1
Extra Dots - Series 1,41908-1
Desk Organiser,41907-1
Pineapple Pencil Holder,41906-1
Pineapple Pencil Holder,41906-1
Desk Organiser,41907-1
Rainbow Jewellery Stand,41905-1
Animal Picture Holders,41904-1
Rainbow Jewellery Stand,41905-1
Cosmic Wonder Bracelet,41903-1
Sparkly Unicorn Bracelet,41902-1
Ducati Panigale V4 R,42107-1
Sparkly Unicorn Bracelet,41902-1
Jewellery Box,41915-1
Cosmic Wonder Bracelet,41903-1
Extra Dots - Series 1,41908-1
Funky Animals Bracelet,41901-1
Stephanie's Play Cube - Baker,41401-1
Stephanie's Play Cube - Baker,41401-1
Andrea's Play Cube - Singer,41400-1
Stephanie's House,41398-1
Rainbow Bracelet,41900-1
LEGO® Trains 40th Anniversary Set,40370-1
Andrea's Play Cube - Singer,41400-1
LEGO® Trains 40th Anniversary Set,40370-1
Easter Egg,40371-1
Star Wars Sith,31200-1
Stephanie's House,41398-1
The Beatles,31198-1
Marvel's Iron Man,31199-1
Andy Warhol's Marylin Monroe,31197-1
Love Birds Bracelet,41912-1
Pirate Ship,31109-1
Year of the Rat,40355-1
Puppy Playground,41396-1
Friendship Bus,41395-1
Easter Bunny,40398-1
Juice Truck,41397-1
Heartlake City Hospital,41394-1
Juice Truck,41397-1
Year of the Rat,40355-1
Nature Glamping,41392-1
Baking Competition,41393-1
Friendship Bus,41395-1
Baking Competition,41393-1
Nature Glamping,41392-1
Caravan Family Holiday,31108-1
Funky Animals Bracelet,41901-1
Pirate Ship,31109-1
Caravan Family Holiday,31108-1
Townhouse Toy Store,31105-1
Space Rover Explorer,31107-1
Heartlake City Hospital,41394-1
Monster Burger Truck,31104-1
Heartlake City Hair Salon,41391-1
Fire Dragon,31102-1
Rocket Truck,31103-1
Rocket Truck,31103-1
Space Rover Explorer,31107-1
Heartlake City Hair Salon,41391-1
Emma's Jungle Play Cube,41438-1
Andrea's Car & Stage,41390-1
Ice Cream Cart,41389-1
Ice Cream Cart,41389-1
Andrea's Car & Stage,41390-1
Fire Dragon,31102-1
Pop Village Celebration,41255-1
Pop Village Celebration,41255-1
Puppy Playground,41396-1
Monster Truck,31101-1
Monster Truck,31101-1
Sports Car,31100-1
Propeller Plane,31099-1
Sports Car,31100-1
Rainbow Caterbus,41256-1
Propeller Plane,31099-1
Olivia's Jungle Play Cube,41436-1
Stephanie's Jungle Play Cube,41435-1
Monster Burger Truck,31104-1
Train,30575-1
Mia's Jungle Play Cube,41437-1
Rainbow Caterbus,41256-1
Volcano Rock City Concert,41254-1
Alpaca Mountain Jungle Rescue,41432-1
 Heartlake City Brick Box,41431-1
 Heartlake City Brick Box,41431-1
Alpaca Mountain Jungle Rescue,41432-1
Cat,30574-1
Andrea's Jungle Play Cube,41434-1
Summer Fun Water Park,41430-1
Volcano Rock City Concert,41254-1
Lonesome Flats Raft Adventure,41253-1
Lonesome Flats Raft Adventure,41253-1
Poppy's Air Balloon Adventure,41252-1
Party Boat,41433-1
Poppy's Pod,41251-1
Poppy's Pod,41251-1
Techno Reef Dance Party,41250-1
Poppy's Air Balloon Adventure,41252-1
Townhouse Toy Store,31105-1
Lucky Cat,40436-1
Lucky Cat,40436-1
Heartlake City Airplane,41429-1
The Wooden Duck,40501-1
Ninjago World,40429-1
Heartlake City Park Café,41426-1
Party Boat,41433-1
Heartlake City Park Café,41426-1
BB-8,40431-1
Olivia's Flower Garden,41425-1
Emma's Fashion Shop,41427-1
Emma's Fashion Shop,41427-1
Olivia's Flower Garden,41425-1
Techno Reef Dance Party,41250-1
Jungle Rescue Base,41424-1
Jungle Rescue Base,41424-1
Baby Elephant Jungle Rescue,41421-1
Baby Elephant Jungle Rescue,41421-1
Tiger Hot Air Balloon Jungle Rescue,41423-1
Panda Jungle Tree House,41422-1
Advent Calendar,41420-1
Ninjago World,40429-1
Cinderella Mini Castle,30554-1
Mia's Play Cube - Cinema,41408-1
Heartlake City Airplane,41429-1
Olivia's Play Cube - Sweet Shop,41407-1
Panda Jungle Tree House,41422-1
Summer Fun Water Park,41430-1
Stephanie's Play Cube - Beauty Salon,41406-1
Tiger Hot Air Balloon Jungle Rescue,41423-1
Mia's Play Cube - Cinema,41408-1
Emma's Play Cube - Photographer,41404-1
Olivia's Play Cube - Sweet Shop,41407-1
Emma's Play Cube - Toy Store,41409-1
Andrea's Play Cube - Pet Shop,41405-1
Combo Charger,30536-1
 Build Your Own Birds - Make it Yours,30548-1
Chef Enzo's Haunted Hotdogs,30463-1
 El Fuego's Stunt Cannon,30464-1
Merchant Avatar Jay,30537-1
Harry Potter and Hedwig,30420-1
Park Picnic,30412-1
Poe Dameron's X-wing Fighter,30386-1
Andrea's Play Cube - Pet Shop,41405-1
The Skeleton Defense,30394-1
Emma's Play Cube - Photographer,41404-1
Super Mushroom Surprise,30385-1
Police Helicopter,30367-1
 Build Your Own Birds - Make it Yours,30548-1
Monkie Kid's Delivery Bike,30341-1
Lamborghini Huracán Super Trofeo EVO,30342-1
Animals,45029-1
Chocolate Box & Flower,30411-1
Captain Marvel and Nick Fury,30453-1
Letters,45027-1
My XL World,45028-1
Police Car,30366-1
Aurora's Forest Cottage,43188-1
Birthday Cake,30330-1
Moana's Island Home,43183-1
My XL World,45028-1
Moana's Island Home,43183-1
Tubes,45026-1
Tubes,45026-1
Mulan's Training Grounds,43182-1
Belle's Castle Winter Celebration,43180-1
My First Giraffe,30329-1
Mulan's Training Grounds,43182-1
Belle's Storybook Adventures,43177-1
Belle's Storybook Adventures,43177-1
Ariel's Storybook Adventures,43176-1
Ariel's Storybook Adventures,43176-1
Belle's Castle Winter Celebration,43180-1
Cinderella's Castle Celebration,43178-1
Cinderella's Castle Celebration,43178-1
Anna and Elsa's Storybook Adventures,43175-1
Mulan's Storybook Adventures,43174-1
Moana's Ocean Adventure,43170-1
Mulan's Storybook Adventures,43174-1
Moana's Ocean Adventure,43170-1
Emma's Play Cube - Toy Store,41409-1
Lamborghini Sián FKP 37,42115-1
Bell-Boeing V-22 Osprey,42113-1
Stephanie's Play Cube - Beauty Salon,41406-1
4 Stud Aqua Light Blue Storage Brick Drawer,5005714-1
Lamborghini Sián FKP 37,42115-1
6x6 Volvo Articulated Hauler,42114-1
R2-D2 and MSE-6,912057-1
4 stud Bright Yellow Storage Brick Drawer,5005401-1
Aurora's Royal Carriage,43173-1
Girl Luggage Tag,5005617-1
4 Stud Medium Stone Gray Storage Brick Drawer,5005713-1
Pink Light Blue and White Wall Hanger Set,5005894-1
Aurora's Royal Carriage,43173-1
4 Stud Light Purple Storage Brick Drawer,5005712-1
4 Stud Medium Stone Gray Storage Brick Drawer,5005713-1
4 Stud Light Purple Storage Brick Drawer,5005712-1
4 Stud Black Storage Brick Drawer,5005711-1
London Magnet Build,854012-1
Water Tape,854065-1
Water Tape,854065-1
4 Stud Black Storage Brick Drawer,5005711-1
New York Key Chain,854032-1
Cake,562001-1
Lloyd,892060-1
Eiffel Tower Magnet,854011-1
TIE Striker,912056-1
Snowspeeder,912055-1
Venom Key Chain,854006-1
LEGO 8 Stud Mini Box,5001286-1
Eiffel Tower Magnet,854011-1
Venom Key Chain,854006-1
The Mandalorian & The Child,75317-1
Duke DeTain Key Chain,854005-1
Wu's Battle Dragon,71718-1
Kylo Ren's Shuttle Microfighter,75264-1
Duke DeTain Key Chain,854005-1
2x4 Lavender Luggage Tag,5005620-1
Indominus rex vs. Ankylosaurus,75941-1
4 stud Bright Yellow Storage Brick Drawer,5005401-1
Kylo Ren's Shuttle Microfighter,75264-1
Attack on The Burrow,75980-1
AT-AT,75288-1
The Razor Crest,75292-1
AT-AT,75288-1
D-O,75278-1
Obi-Wan's Hut,75270-1
Boba Fett,75277-1
Star Wars Advent Calendar,75279-1
{?},71368-1
Stormtrooper,75276-1
The Razor Crest,75292-1
Boba Fett,75277-1
A-wing Starfighter,75275-1
Journey to the Skull Dungeons,71717-1
Stormtrooper,75276-1
A-wing Starfighter,75275-1
D-O,75278-1
Lloyd Avatar - Arcade Pod,71716-1
Journey to the Skull Dungeons,71717-1
501st Legion Clone Troopers,75280-1
Jungle Raider,71700-1
Jay Avatar - Arcade Pod,71715-1
Empire Dragon,71713-1
Jay Avatar - Arcade Pod,71715-1
Kai Avatar - Arcade Pod,71714-1
Empire Dragon,71713-1
Empire Temple of Madness,71712-1
Ninja Tuner Car,71710-1
Ninja Tuner Car,71710-1
Jay and Lloyd's Velocity Racers,71709-1
Empire Temple of Madness,71712-1
Gamer's Market,71708-1
Jay's Cyber Dragon,71711-1
Kai Avatar - Arcade Pod,71714-1
Jay's Cyber Dragon,71711-1
Kai's Mech Jet,71707-1
Kai's Mech Jet,71707-1
Destiny's Bounty,71705-1
Lloyd Avatar - Arcade Pod,71716-1
Kai Fighter,71704-1
Jay and Lloyd's Velocity Racers,71709-1
Kai Fighter,71704-1
Gamer's Market,71708-1
Destiny's Bounty,71705-1
Temple of Light,70505-1
Golden Mech,71702-1
Kai's Fire Dragon,71701-1
Kai's Fire Dragon,71701-1
Storm Fighter Battle,71703-1
501st Legion Clone Troopers,75280-1
Jungle Raider ,70755-1
Jungle Raider,71700-1
Golden Mech,71702-1
Thunder Raider,70723-1
Builder Mario Power-Up Pack,71373-1
Cole's Speeder Car,71706-1
Cat Mario Power-Up Pack,71372-1
Cat Mario Power-Up Pack,71372-1
Propeller Mario Power-Up Pack,71371-1
Builder Mario Power-Up Pack,71373-1
Fire Mario Power-Up Pack ,71370-1
Storm Fighter Battle,71703-1
Thunder Raider,71699-1
Propeller Mario Power-Up Pack,71371-1
Fire Mario Power-Up Pack ,71370-1
Cole's Speeder Car,71706-1
Thunder Raider,71699-1
TIE Fighter Pilot,75274-1
Sith TIE Fighter,75272-1
Luke Skywalker's Landspeeder,75271-1
Poe Dameron's X-wing Fighter,75273-1
Obi-Wan's Hut,75270-1
TIE Fighter Pilot,75274-1
Poe Dameron's X-wing Fighter,75273-1
Luke Skywalker's Landspeeder,75271-1
Snowspeeder,75268-1
Mandalorian Battle Pack,75267-1
Duel on Mustafar ,75269-1
Snowspeeder,75268-1
T-16 Skyhopper vs Bantha Microfighters,75265-1
T-16 Skyhopper vs Bantha Microfighters,75265-1
Mandalorian Battle Pack,75267-1
Sith Troopers Battle Pack,75266-1
Sith Troopers Battle Pack,75266-1
Resistance Y-wing Microfighter,75263-1
Skull Sorcerer's Dungeons,71722-1
Resistance Y-wing Microfighter,75263-1
Fire Stone Mech,71720-1
Fire Stone Mech,71720-1
Zane's Mino Creature,71719-1
Bowser's Castle Boss Battle,71369-1
Zane's Mino Creature,71719-1
Wu's Battle Dragon,71718-1
Skull Sorcerer's Dungeons,71722-1
Vulture's Trucker Robbery,76147-1
Spider-Man vs. Doc Ock,76148-1
Vulture's Trucker Robbery,76147-1
Spider-Man Mech,76146-1
Spider-Man Mech,76146-1
Avengers Truck Take-down,76143-1
Skull Sorcerer's Dragon,71721-1
Skull Sorcerer's Dragon,71721-1
Avengers Speeder Bike Attack,76142-1
Thanos Mech,76141-1
Thanos Mech,76141-1
Iron Man Mech,76140-1
Spider-Man vs. Doc Ock,76148-1
Attack on The Burrow,75980-1
Duel on Mustafar ,75269-1
Avengers Truck Take-down,76143-1
Avengers Speeder Bike Attack,76142-1
Hogwarts Astronomy Tower,75969-1
Hogwarts Astronomy Tower,75969-1
4 Privet Drive,75968-1
4 Privet Drive,75968-1
Forbidden Forest: Umbridge's Encounter,75967-1
Iron Man Mech,76140-1
Hedwig,75979-1
Velociraptor: Biplane Rescue Mission,75942-1
Velociraptor: Biplane Rescue Mission,75942-1
Hogwarts Room of Requirement,75966-1
Sith TIE Fighter,75272-1
Gallimimus and Pteranodon Breakout,75940-1
Dr. Wu's Lab: Baby Dinosaurs Breakout,75939-1
Dr. Wu's Lab: Baby Dinosaurs Breakout,75939-1
Gallimimus and Pteranodon Breakout,75940-1
Hedwig,75979-1
Brick-built Minions and their Lair,75551-1
Unstoppable Bike Chase,75549-1
Unstoppable Bike Chase,75549-1
Minions Kung Fu Battle,75550-1
Minions Kung Fu Battle,75550-1
{?},75548-1
Indominus rex vs. Ankylosaurus,75941-1
Minion Pilot in Training,75547-1
Minions in Gru's Lab,75546-1
Minions in Gru's Lab,75546-1
The Child,75318-1
Friends Bag Charm,854000-1
Friends Bag Charm,854000-1
Brick-built Minions and their Lair,75551-1
Minnie Mouse Key Chain,853999-1
Mickey Mouse Key Chain,853998-1
The Mandalorian & The Child,75317-1
Minnie Mouse Key Chain,853999-1
Mickey Mouse Key Chain,853998-1
Jay Key Chain,853996-1
Jay Key Chain,853996-1
Crayon Girl Keyring,853995-1
Lloyd Key Chain,853997-1
Lloyd Key Chain,853997-1
2x4 Black Metal Keyring,853992-1
2x4 Bright Blue Keyring,853993-1
Minion Pilot in Training,75547-1
Easter Bunny House,853990-1
Celebration Bag Charm,853989-1
2x4 Black Metal Keyring,853992-1
Customizable Weapon Set,853986-1
Easter Bunny House,853990-1
Customizable Weapon Set,853986-1
NINJAGO Keytana,853985-1
NINJAGO Fork,853984-1
NINJAGO Keytana,853985-1
Celebration Bag Charm,853989-1
Possessed Biker,792005-1
2x4 Bright Blue Keyring,853993-1
El Fuego,792004-1
Dressing Table,562005-1
Hogwarts Room of Requirement,75966-1
Cat at vets,562003-1
Crayon Girl Keyring,853995-1
Nya,892063-1
Cole,892062-1
J.B.,792006-1
Ice Emperor,892061-1
Kai,892059-1
China Flower Girl Keyring,854068-1
Worker,792007-1
Birthday Guy Keyring,854066-1
Birthday Guy Keyring,854066-1
Forbidden Forest: Umbridge's Encounter,75967-1
Captain Marvel Keyring,854064-1
Cute Dog,562004-1
Captain Marvel Keyring,854064-1
Happy Santa Key Chain,854040-1
Happy Santa Key Chain,854040-1
Watermelon Guy Keyring,854039-1
Watermelon Guy Keyring,854039-1
Road Tape,854048-1
Heavy Duty Fire Axe,854035-1
Heavy Duty Fire Axe,854035-1
NINJAGO Crossing Katanas,854034-1
Road Tape,854048-1
Happy Helper Elf Key Chain,854041-1
NINJAGO Crossing Katanas,854034-1
Statue of Liberty Magnet,854031-1
Hot Dog Stand,562002-1
Happy Helper Elf Key Chain,854041-1
NINJAGO Sword of Destiny,854033-1
New York Key Chain,854032-1
Creative Bag Charm,854021-1
Police Handcuffs & Badge,854018-1
Empire State Building,854030-1
LEGOLAND buildable magnet,854013-1
London Magnet Build,854012-1
2x4 Lavender Luggage Tag,5005620-1
China Flower Girl Keyring,854068-1
White Black and Gray Wall Hanger Set,5005893-1
White Black and Gray Wall Hanger Set,5005893-1
Creative Bag Charm,854021-1
Statue of Liberty Magnet,854031-1
Minifigure Lunch Set,5005892-1
Minifigure Lunch Set,5005892-1
Transparent Blue Sorting Case To Go,5005890-1
 8 Stud Blue Desk Drawer,5005891-1
4 Stud Blue Desk Drawer,5005889-1
Girl Luggage Tag,5005617-1
Police Handcuffs & Badge,854018-1
Transparent Blue Sorting Case To Go,5005890-1
Boy Storage Head Small,5005529-1
Boy Storage Head Large,5005528-1
Boy Storage Head Large,5005528-1
 8 Stud Blue Desk Drawer,5005891-1
Blue Print Heritage Classic Backpack,5005526-1
Girl Storage Head Small,5005522-1
Iconic 4 Piece Organizer Tote and Playmat,5005538-1
Girl Storage Head Large,5005527-1
4 Stud Blue Desk Drawer,5005889-1
Blue Print Heritage Classic Backpack,5005526-1
Pumpkin Storage Head,5005886-1
Pumpkin Storage Head,5005886-1
Girl Storage Head Small,5005522-1
Buildable Mothers' day card,5005878-1
Transparent Blue LEGO Rack System,5005875-1
Transparent Blue LEGO Rack System,5005875-1
Girl Storage Head Large,5005527-1
Transparent Red Rack System,5005873-1
Transparent Red Rack System,5005873-1
Buildable Mothers' day card,5005878-1
8 Stud Red Desk Drawer,5005871-1
LEGO 8 Stud Black Storage Brick Drawer,5006248-1
8 Stud Red Desk Drawer,5005871-1
Boy Storage Head Small,5005529-1
LEGO 8 Stud Black Storage Brick Drawer,5006248-1
LEGO Wall Hanger Rack,5006230-1
LEGO Wall Hanger Rack,5006230-1
Adventures with Mario,71360-1
Monty Mole & Super Mushroom,40414-1
Starter Kit Bundle with Gift,5006216-1
LEGO Picture Frame,5006215-1
LEGO Picture Frame,5006215-1
Starter Kit Bundle with Gift,5006216-1
4 Stud Red Desk Drawer,5005872-1
LEGO Storage Head Mini (Winking),5006211-1
Workshop Kit,2000720-1
Replacement Parts Pack,2000719-1
Red Bright Blue and Yellow Wall Hanger Set,5005870-1
Harl Hubbs with Tamping Rammer,952018-1
4 Stud Red Desk Drawer,5005872-1
LEGO 8 Stud Mini Box,5001286-1
Eddy Erker with Bulldozer,952003-1
Policeman and Robber,952016-1
Elite Praetorian Guard,912059-1
A-wing,912060-1
Iconic 4 Piece Organizer Tote and Playmat,5005538-1
Sith Infiltrator,912058-1
Fireman and Drone,952002-1
Brick Red Hip Pack,5005839-1
Go-Kart and driver,952005-1
NINJAGO Sword of Destiny,854033-1
Gold Metallic Brick Backpack,5005814-1
Red Bright Blue and Yellow Wall Hanger Set,5005870-1
Minifigure Color Me Lunch Bag,5005812-1
Minifigure Color Me Heritage Classic Backpack,5005811-1
Minifigure Color Me Lunch Bag,5005812-1
Holographic Brick Crossbody Bag,5005810-1
Holographic Brick Crossbody Bag,5005810-1
LEGO® Gold Brick Crossbody Bag,5005816-1
LEGO Storage Head Mini (Winking),5006211-1
LEGO Storage Head Mini (Silly),5006210-1
Minifigure Display Case 16 Blue,5005772-1
Gold Metallic Brick Backpack,5005814-1
LEGO 8 Stud White Storage Brick Drawer,5006209-1
LEGO 4 Stud White Storage Brick Drawer,5006208-1
Minifigure Color Me Heritage Classic Backpack,5005811-1
Brick Red Hip Pack,5005839-1
LEGO Storage Head Mini (Silly),5006210-1
LEGO 8 Stud White Storage Brick Drawer,5006209-1
LEGO® Gold Brick Crossbody Bag,5005816-1
Minifigure Display Case 16 Blue,5005772-1
8 Stud Aqua Light Blue Storage Brick Drawer,5005721-1
8 Stud Aqua Light Blue Storage Brick Drawer,5005721-1
Transparent Red Sorting Case To Go,5005769-1
Transparent Red Sorting Case To Go,5005769-1
8 Stud Light Purple Storage Brick Drawer,5005719-1
8 Stud Black Storage Brick Drawer,5005718-1
4 Stud Aqua Light Blue Storage Brick Drawer,5005714-1
LEGO Storage Head Small (Winking),5006186-1
LEGO Storage Head Small (Winking),5006186-1
LEGO 4 Stud White Storage Brick Drawer,5006208-1
LEGO 8 Stud Aqua Light Blue Storage Brick Drawer,5006182-1
8 Stud Light Purple Storage Brick Drawer,5005719-1
Motorcycle Cop,952001-1
Iron Man,76165-1
The Menace of Mysterio,76149-1
{?},76982-1
{?},76983-1
Transparent Blue LEGO Rack System,5006179-1
{?},76981-1
{?},76980-1
8 Stud Black Storage Brick Drawer,5005718-1
{?},76978-1
LEGO 8 Stud Aqua Light Blue Storage Brick Drawer,5006182-1
Formula E Panasonic Jaguar Racing GEN2 Car & Jaguar I-PACE eTROPHY,76898-1
Formula E Panasonic Jaguar Racing GEN2 Car & Jaguar I-PACE eTROPHY,76898-1
Lamborghini Urus ST-X & Huracán Super Trofeo EVO ,76899-1
Nissan GT-R NISMO,76896-1
Nissan GT-R NISMO,76896-1
Ferrari F8 Tributo,76895-1
8 Stud Medium Stone Gray Storage Brick Drawer,5005720-1
Avengers Tower Battle,76166-1
Avengers Tower Battle,76166-1
8 Stud Medium Stone Gray Storage Brick Drawer,5005720-1
Iron Man Hulkbuster,76164-1
Iron Man Hulkbuster,76164-1
Ferrari F8 Tributo,76895-1
Venom Crawler,76163-1
Iron Man,76165-1
1985 Audi Sport Quattro S1,76897-1
Mobile Bat Base,76160-1
{?},76979-1
Joker's Trike Chase,76159-1
Venom Crawler,76163-1
1985 Audi Sport Quattro S1,76897-1
Batboat The Penguin Pursuit!,76158-1
Wonder Woman vs. Cheetah,76157-1
Black Widow's Helicopter Chase,76162-1
Batboat The Penguin Pursuit!,76158-1
Mobile Bat Base,76160-1
Avengers Helicarrier,76153-1
Avengers Helicarrier,76153-1
Venomosaurus Ambush,76151-1
Venomosaurus Ambush,76151-1
Black Widow's Helicopter Chase,76162-1
Spiderjet vs. Venom Mech,76150-1
Joker's Trike Chase,76159-1
Avengers Wrath of Loki,76152-1
Transparent Blue LEGO Rack System,5006179-1
LEGO 4 Stud Light Purple Storage Brick Drawer,5006173-1
Wonder Woman vs. Cheetah,76157-1
Spiderjet vs. Venom Mech,76150-1
Lamborghini Urus ST-X & Huracán Super Trofeo EVO ,76899-1
LEGO 4 Stud Light Purple Storage Brick Drawer,5006173-1
{Random polybag},5006160-1
LEGO Play and Display Case,5006157-1
LEGO Storage Head Small (Silly),5006161-1
LEGO Storage Head Small (Silly),5006161-1
The United Trinity,5006171-1
The Menace of Mysterio,76149-1
The United Trinity,5006171-1
LEGO Minifigure Display Case,5006152-1
LEGO 8 Stud Light Purple Storage Brick Drawer,5006134-1
LEGO 8 Stud Red Storage Brick Drawer,5006131-1
International Space Station Patch,5006148-1
LEGO 4 stud Red Storage Brick Drawer,5006129-1
LEGO Play and Display Case,5006157-1
Locking Notebook with Gel Pen,5006057-1
White Dragon Horse Bike,80006-1
LEGO 8 Stud Red Storage Brick Drawer,5006131-1
LEGO 4 stud Red Storage Brick Drawer,5006129-1
Cinderella,302003-1
LEGO 4 stud Blue Storage Brick Drawer,5006130-1
LEGO 8 Stud Light Purple Storage Brick Drawer,5006134-1
LEGO 4 stud Blue Storage Brick Drawer,5006130-1
LEGO Minifigure Display Case,5006152-1
Mr. Freeze,212007-1
Holiday Bag Tag Stormtrooper,5006035-1
Triceratops,122006-1
Owen in canoe,122007-1
Holiday Bag Tag Stormtrooper,5006035-1
Tyrannosaurus Rex,122005-1
Lloyd vs. Stone Warrior blister pack,112006-1
Cole vs. Nindroid,112005-2
The Riddler,212009-1
Aurora,302001-1
Chinese New Year Temple Fair,80105-1
Aurora's Rabbit,302002-1
Chinese New Year Temple Fair,80105-1
Lion Dance,80104-1
Monkie Kid's Team Secret HQ,80013-1
Technic Large Motor,88013-1
Monkey King Warrior Mech,80012-1
Monkey King Warrior Mech,80012-1
Lion Dance,80104-1
Red Son's Inferno Truck,80011-1
Red Son's Inferno Truck,80011-1
Demon Bull King,80010-1
Technic Hub,88012-1
Pigsy's Food Truck,80009-1
Monkie Kid's Cloud Jet,80008-1
Pigsy's Food Truck,80009-1
Iron Bull Tank,80007-1
Iron Bull Tank,80007-1
Batman,212008-1
"Limited Edition Print – Page from German Patent Application for LEGO Toy Car, 1963",5006006-1
Monkie Kid's Team Secret HQ,80013-1
White Dragon Horse Bike,80006-1
"– Page from British Patent Application for LEGO Elements, 1968",5006004-1
Spanish Patent LEGO Elements 1958,5006001-1
"– Page from British Patent Application for LEGO Elements, 1968",5006004-1
"First Edition Page from French Patent Application for LEGO DUPLO Brick, 1968",5005998-1
"First Edition Page from French Patent Application for LEGO DUPLO Brick, 1968",5005998-1
Demon Bull King,80010-1
12 Pack Marker Set,5005963-1
Pink Light Blue and White Wall Hanger Set,5005894-1
12 Pack Marker Set,5005963-1
Cement Mixer,42112-1
Dom's Dodge Charger,42111-1
Spanish Patent LEGO Elements 1958,5006001-1
{?},21323-1
Pirates of Barracuda Bay,21322-1
App-Controlled Top Gear Rally Car,42109-1
International Space Station,21321-1
Pirates of Barracuda Bay,21322-1
The Redstone Battle,21163-1
The Redstone Battle,21163-1
International Space Station,21321-1
The Taiga Adventure,21162-1
The Crafting Box 3.0,21161-1
The Crafting Box 3.0,21161-1
The Taiga Adventure,21162-1
Monkie Kid's Cloud Jet,80008-1
Technic XL Motor,88014-1
The Illager Raid,21160-1
The Illager Raid,21160-1
"Limited Edition Print – Page from German Patent Application for LEGO Toy Car, 1963",5006006-1
Dom's Dodge Charger,42111-1
Cole vs. Nindroid,112005-1
The Pillager Outpost,21159-1
The Panda Nursery,21158-1
BigFig Creeper and Ocelot,21156-1
The White House,21054-1
BigFig Creeper and Ocelot,21156-1
BigFig Pig with Baby Zombie,21157-1
Dubai,21052-1
Pea Pod Costume Girl,71027-3
Tuning Workshop,60258-1
Ocean Exploration Ship,60266-1
BigFig Pig with Baby Zombie,21157-1
Adventures with Mario,71360-1
The Panda Nursery,21158-1
Breakdancer,71027-2
Jack's Beach Buggy,70428-1
Mystery Castle,70437-1
Medium Angular Motor,45603-1
LEGO Minifigures - DC Super Heroes - Sealed Box,71026-18
Service Station,60257-1
Service Station,60257-1
Adventures with Mario,71360-1
LEGO Minifigures - Series 20 {Random Bag},71027-0
Piñata Boy,71027-1
Stunt Team,60255-1
Jack's Beach Buggy,70428-1
Race Boat Transporter,60254-1
The White House,21054-1
Racing Cars,60256-1
Stunt Team,60255-1
Ice-Cream Truck,60253-1
Construction Bulldozer,60252-1
Race Boat Transporter,60254-1
Monster Truck,60251-1
Ice-Cream Truck,60253-1
Construction Bulldozer,60252-1
Mail Plane,60250-1
Street Sweeper,60249-1
Fire Helicopter Response,60248-1
The Pillager Outpost,21159-1
Forest Fire,60247-1
Street Sweeper,60249-1
Police Station,60246-1
Fire Helicopter Response,60248-1
Racing Cars,60256-1
Mail Plane,60250-1
Police Helicopter Transport,60244-1
Police Helicopter Chase,60243-1
Police Helicopter Transport,60244-1
Police Highway Arrest,60242-1
Police Monster Truck Heist,60245-1
Police Monster Truck Heist,60245-1
Police Highway Arrest,60242-1
Discover Set,45815-1
Police Dog Unit,60241-1
Expansion Set,45680-1
Police Helicopter Chase,60243-1
SPIKE Prime Set,45678-1
Explore Set,45814-1
Monster Truck,60251-1
SPIKE Prime Set,45678-1
Force Sensor,45606-1
Police Dog Unit,60241-1
Colour Sensor,45605-1
Bat-Mite,71026-16
Distance Sensor,45604-1
LEGO Minifigures - DC Super Heroes - Complete,71026-17
Flash,71026-15
Bumblebee,71026-14
Metamorpho,71026-12
Cyborg,71026-9
Expansion Set,45680-1
Superman,71026-7
Cheetah,71026-6
Sinestro,71026-5
Stargirl,71026-4
Aquaman,71026-3
Wonder Woman,71026-2
LEGO Minifigures - DC Super Heroes {Random Bag},71026-0
LEGO Minifigures - DC Super Heroes - Complete,71026-17
Huntress,71026-11
Mister Miracle,71026-1
Flash,71026-15
Green Lantern,71026-8
Joker,71026-13
Metamorpho,71026-12
Bat-Mite,71026-16
Bumblebee,71026-14
Cyborg,71026-9
Green Lantern,71026-8
Police Station,60246-1
Huntress,71026-11
Phantom Fire Truck 3000,70436-1
Batman,71026-10
Forest Fire,60247-1
Batman,71026-10
Phantom Fire Truck 3000,70436-1
Newbury Abandoned Prison,70435-1
J.B.'s Submarine,70433-1
Superman,71026-7
Cheetah,71026-6
Joker,71026-13
Stargirl,71026-4
Aquaman,71026-3
Sinestro,71026-5
J.B.'s Submarine,70433-1
Mister Miracle,71026-1
Spinjitzu Burst Lloyd,70687-1
Wonder Woman,71026-2
Spinjitzu Burst - Kai,70686-1
Supernatural Race Car,70434-1
Spinjitzu Burst Lloyd,70687-1
Haunted Fairground,70432-1
The Lighthouse of Darkness,70431-1
LEGO Minifigures - DC Super Heroes {Random Bag},71026-0
Spinjitzu Burst - Kai,70686-1
Spinjitzu Burst - Cole,70685-1
The Lighthouse of Darkness,70431-1
Newbury Abandoned Prison,70435-1
El Fuego's Stunt Plane,70429-1
Spinjitzu Burst - Cole,70685-1
Newbury Subway,70430-1
El Fuego's Stunt Plane,70429-1
Supernatural Race Car,70434-1
Newbury Subway,70430-1
Welcome to the Hidden Side,70427-1
Police Brick Box,60270-1
{?},60271-1
Haunted Fairground,70432-1
City Advent Calendar,60268-1
Safari Off-Roader,60267-1
Police Brick Box,60270-1
Mystery Castle,70437-1
Ocean Exploration Base,60265-1
{?},60274-1
Ocean Exploration Ship,60266-1
Welcome to the Hidden Side,70427-1
Ocean Mini-Submarine,60263-1
Safari Off-Roader,60267-1
Ocean Exploration Submarine,60264-1
Ocean Exploration Base,60265-1
Ocean Mini-Submarine,60263-1
Passenger Aeroplane,60262-1
Tuning Workshop,60258-1
{?},71367-1
Air Show,60260-1
{?},71366-1
Passenger Aeroplane,60262-1
{?},71364-1
{?},71362-1
Piranha Plant Power Slide,71365-1
{?},71028-1
Central Airport,60261-1
LEGO Minifigures - Series 20 - Sealed Box,71027-18
Pyjama Girl,71027-15
80s Musician,71027-14
{?},71363-1
Drone Boy,71027-16
Sea Rescuer,71027-12
Ocean Exploration Submarine,60264-1
{?},71361-1
Viking,71027-8
Llama Costume Girl,71027-7
Brick Costume Guy,71027-13
Pirate Girl,71027-5
Athlete,71027-11
Breakdancer,71027-2
Pea Pod Costume Girl,71027-3
Space Fan,71027-6
LEGO Minifigures - Series 20 - Complete,71027-17
Drone Boy,71027-16
Central Airport,60261-1
Super Warrior,71027-9
Piñata Boy,71027-1
Brick Costume Guy,71027-13
Sea Rescuer,71027-12
Athlete,71027-11
Martial Arts Boy,71027-10
Viking,71027-8
Pyjama Girl,71027-15
Super Warrior,71027-9
Space Fan,71027-6
Llama Costume Girl,71027-7
Tournament Knight,71027-4
LEGO Minifigures - Series 20 {Random Bag},71027-0
LEGO Minifigures - Series 20 - Complete,71027-17
Tokyo,21051-1
Tokyo,21051-1
80s Musician,71027-14
Bricks Box,11717-1
Pirate Girl,71027-5
Bricks and Animals,11011-1
Bricks and Animals,11011-1
White Baseplate,11010-1
White Baseplate,11010-1
Martial Arts Boy,71027-10
Bricks and Lights,11009-1
Bricks and Houses,11008-1
Bricks Box,11717-1
Tournament Knight,71027-4
Bricks and Houses,11008-1
Creative Blue Bricks,11006-1
Creative Blue Bricks,11006-1
Creative Animals,10934-1
{?},60273-1
Creative Green Bricks,11007-1
Creative Green Bricks,11007-1
Wrecking Ball Demolition,10932-1
Creative Animals,10934-1
Modular Playhouse,10929-1
Wrecking Ball Demolition,10932-1
Modular Playhouse,10929-1
Bakery,10928-1
Tower Crane & Construction,10933-1
Bakery,10928-1
Bedroom,10926-1
Truck & Tracked Excavator,10931-1
Tower Crane & Construction,10933-1
Playroom,10925-1
Pizza Stand,10927-1
Lightning McQueen's Race Day,10924-1
Lightning McQueen's Race Day,10924-1
Playroom,10925-1
Bedroom,10926-1
Ariel's Undersea Castle,10922-1
Super Heroes Lab,10921-1
Ariel's Undersea Castle,10922-1
Elsa and Olaf's Tea Party,10920-1
Bricks and Lights,11009-1
Batcave,10919-1
Elsa and Olaf's Tea Party,10920-1
Tow Truck,10918-1
Fire Truck,10917-1
Batcave,10919-1
Alphabet Truck,10915-1
Alphabet Truck,10915-1
Super Heroes Lab,10921-1
{?},10276-1
{?},10275-1
Tow Truck,10918-1
Haunted House,10273-1
Fire Truck,10917-1
Old Trafford - Manchester United,10272-1
{?},10274-1
Fiat 500,10271-1
Fiat 500,10271-1
Bookshop,10270-1
{?},10277-1
Haunted House,10273-1
Old Trafford - Manchester United,10272-1
Pizza Stand,10927-1
Dubai,21052-1
